variant,seed,fusion_weight,training_seconds,inference_ms_per_flow,input_features,hierarchy_features,accuracy,precision_macro,recall_macro,f1_macro
Hierarchical-FULL,0,,1.789768239017576,0.06131380018778145,70,64,0.94,0.9404839299621897,0.9400000000000001,0.940104623263226
Global-FULL,0,,1.789768239017576,0.06131380018778145,70,64,0.9502,0.9507227665929762,0.9502,0.9502839128675074
DPF-FULL,0,0.75,1.789768239017576,0.06131380018778145,70,64,0.9498,0.9503317099797336,0.9498000000000001,0.9499007542784232
HardHierarchy-FULL,0,,1.789768239017576,0.06131380018778145,70,64,0.9392,0.939843714467198,0.9392000000000001,0.939375406852321
Hierarchical-FULL,0,,1.6071514929644763,0.053640244016423824,70,70,0.938,0.9385835717462218,0.938,0.9381474709879312
Global-FULL,0,,1.6071514929644763,0.053640244016423824,70,70,0.9502,0.9507227665929762,0.9502,0.9502839128675074
DPF-FULL-NoJSD,0,0.75,1.6071514929644763,0.053640244016423824,70,70,0.9498,0.9503672283528207,0.9498,0.9499144537634822
HardHierarchy-FULL,0,,1.6071514929644763,0.053640244016423824,70,70,0.9378,0.9384830163367163,0.9378,0.9379917495109729
Hierarchical-PT,0,,1.7490593078546226,0.05887666018679738,51,51,0.94,0.9403586832289574,0.9399999999999998,0.9400946153261888
Global-PT,0,,1.7490593078546226,0.05887666018679738,51,51,0.949,0.949668985037581,0.9490000000000001,0.9491029119651602
DPF-PT,0,0.75,1.7490593078546226,0.05887666018679738,51,51,0.9484,0.9490300546482799,0.9484,0.9485180335077823
HardHierarchy-PT,0,,1.7490593078546226,0.05887666018679738,51,51,0.9394,0.9398731318290203,0.9394,0.9395510681703731
Hierarchical-AS,0,,1.979055724805221,0.06760720582678914,19,14,0.2888,0.24389815627743636,0.2888,0.19498593021145566
Global-AS,0,,1.979055724805221,0.06760720582678914,19,14,0.2888,0.24389815627743636,0.2888,0.19498593021145566
DPF-AS,0,0.0,1.979055724805221,0.06760720582678914,19,14,0.2888,0.24389815627743636,0.2888,0.19498593021145566
HardHierarchy-AS,0,,1.979055724805221,0.06760720582678914,19,14,0.2888,0.24389815627743636,0.2888,0.19498593021145566
Hierarchical-FULL,1,,1.7132780700922012,0.05303168878890574,70,64,0.9384,0.9388814926346161,0.9383999999999999,0.938520385270119
Global-FULL,1,,1.7132780700922012,0.05303168878890574,70,64,0.9512,0.9518455480297427,0.9512,0.9513074558702576
DPF-FULL,1,0.75,1.7132780700922012,0.05303168878890574,70,64,0.9498,0.9504411381498388,0.9498000000000001,0.9499262274733088
HardHierarchy-FULL,1,,1.7132780700922012,0.05303168878890574,70,64,0.9378,0.938458755808416,0.9378,0.9380028826488601
Hierarchical-FULL,1,,1.5862275010440499,0.06280922540463507,70,70,0.9382,0.9386104800239579,0.9381999999999999,0.938296479866042
Global-FULL,1,,1.5862275010440499,0.06280922540463507,70,70,0.9512,0.9518455480297427,0.9512,0.9513074558702576
DPF-FULL-NoJSD,1,0.75,1.5862275010440499,0.06280922540463507,70,70,0.9504,0.9510667463842983,0.9503999999999999,0.9505351928414522
HardHierarchy-FULL,1,,1.5862275010440499,0.06280922540463507,70,70,0.9374,0.9379678616915414,0.9374,0.937569113222476
Hierarchical-PT,1,,1.7332488810643554,0.05990398582071066,51,51,0.9402,0.940486967565235,0.9401999999999999,0.9402657463845265
Global-PT,1,,1.7332488810643554,0.05990398582071066,51,51,0.951,0.9516097219746916,0.951,0.9511118599408691
DPF-PT,1,1.0,1.7332488810643554,0.05990398582071066,51,51,0.951,0.9516097219746916,0.951,0.9511118599408691
HardHierarchy-PT,1,,1.7332488810643554,0.05990398582071066,51,51,0.9402,0.9405492713065684,0.9401999999999999,0.9402930123035189
Hierarchical-AS,1,,1.9954586040694267,0.06270141499117017,19,14,0.2888,0.24389815627743636,0.2888,0.19498593021145566
Global-AS,1,,1.9954586040694267,0.06270141499117017,19,14,0.2888,0.24389815627743636,0.2888,0.19498593021145566
DPF-AS,1,0.0,1.9954586040694267,0.06270141499117017,19,14,0.2888,0.24389815627743636,0.2888,0.19498593021145566
HardHierarchy-AS,1,,1.9954586040694267,0.06270141499117017,19,14,0.2888,0.24389815627743636,0.2888,0.19498593021145566
Hierarchical-FULL,2,,1.7172228200361133,0.05695493640378117,70,64,0.941,0.9414333325188879,0.9410000000000001,0.941114556135827
Global-FULL,2,,1.7172228200361133,0.05695493640378117,70,64,0.9522,0.9529717134283937,0.9522,0.9523328141467274
DPF-FULL,2,1.0,1.7172228200361133,0.05695493640378117,70,64,0.9522,0.9529717134283937,0.9522,0.9523328141467274
HardHierarchy-FULL,2,,1.7172228200361133,0.05695493640378117,70,64,0.9406,0.9411105213106925,0.9406000000000001,0.9407550614665263
Hierarchical-FULL,2,,1.6381118081044406,0.06253032796084881,70,70,0.9384,0.938641246087921,0.9384,0.9384515245247608
Global-FULL,2,,1.6381118081044406,0.06253032796084881,70,70,0.9522,0.9529717134283937,0.9522,0.9523328141467274
DPF-FULL-NoJSD,2,1.0,1.6381118081044406,0.06253032796084881,70,70,0.9522,0.9529717134283937,0.9522,0.9523328141467274
HardHierarchy-FULL,2,,1.6381118081044406,0.06253032796084881,70,70,0.9382,0.9385797756291272,0.9381999999999999,0.9383137252538172
Hierarchical-PT,2,,1.7193791191093624,0.06005442622117698,51,51,0.9388,0.9391611070818108,0.9388,0.9388833558154888
Global-PT,2,,1.7193791191093624,0.06005442622117698,51,51,0.9504,0.9511176268558685,0.9503999999999999,0.9505310787567159
DPF-PT,2,1.0,1.7193791191093624,0.06005442622117698,51,51,0.9504,0.9511176268558685,0.9503999999999999,0.9505310787567159
HardHierarchy-PT,2,,1.7193791191093624,0.06005442622117698,51,51,0.9384,0.9389172659427297,0.9384,0.9385531227994026
Hierarchical-AS,2,,1.9696107630152255,0.06320384480059146,19,14,0.2888,0.24389815627743636,0.2888,0.19498593021145566
Global-AS,2,,1.9696107630152255,0.06320384480059146,19,14,0.2888,0.24389815627743636,0.2888,0.19498593021145566
DPF-AS,2,0.0,1.9696107630152255,0.06320384480059146,19,14,0.2888,0.24389815627743636,0.2888,0.19498593021145566
HardHierarchy-AS,2,,1.9696107630152255,0.06320384480059146,19,14,0.2888,0.24389815627743636,0.2888,0.19498593021145566
Hierarchical-FULL,3,,1.7828605079557747,0.05243773041293025,70,64,0.9408,0.9413292542385923,0.9408,0.9409148739421411
Global-FULL,3,,1.7828605079557747,0.05243773041293025,70,64,0.9522,0.9527897549798425,0.9522,0.9522862867446215
DPF-FULL,3,0.75,1.7828605079557747,0.05243773041293025,70,64,0.9518,0.9524115656716872,0.9518000000000001,0.9518990077351137
HardHierarchy-FULL,3,,1.7828605079557747,0.05243773041293025,70,64,0.9404,0.9410933040102112,0.9404,0.9405866766487929
Hierarchical-FULL,3,,1.6480889760423452,0.052529819589108226,70,70,0.9408,0.9413990903599532,0.9408,0.9409361237057983
Global-FULL,3,,1.6480889760423452,0.052529819589108226,70,70,0.9522,0.9527897549798425,0.9522,0.9522862867446215
DPF-FULL-NoJSD,3,1.0,1.6480889760423452,0.052529819589108226,70,70,0.9522,0.9527897549798425,0.9522,0.9522862867446215
HardHierarchy-FULL,3,,1.6480889760423452,0.052529819589108226,70,70,0.94,0.9407719421404034,0.9399999999999998,0.9402133596321323
Hierarchical-PT,3,,1.7931889549363405,0.05798897761851549,51,51,0.9424,0.9429328741927907,0.9423999999999999,0.9425057287458314
Global-PT,3,,1.7931889549363405,0.05798897761851549,51,51,0.9534,0.9539366629314265,0.9534,0.9534826145863968
DPF-PT,3,1.0,1.7931889549363405,0.05798897761851549,51,51,0.9534,0.9539366629314265,0.9534,0.9534826145863968
HardHierarchy-PT,3,,1.7931889549363405,0.05798897761851549,51,51,0.9428,0.9434282515743726,0.9428000000000001,0.9429521707911024
Hierarchical-AS,3,,2.022028517210856,0.0545603577978909,19,14,0.2888,0.24389815627743636,0.2888,0.19498593021145566
Global-AS,3,,2.022028517210856,0.0545603577978909,19,14,0.2888,0.24389815627743636,0.2888,0.19498593021145566
DPF-AS,3,0.0,2.022028517210856,0.0545603577978909,19,14,0.2888,0.24389815627743636,0.2888,0.19498593021145566
HardHierarchy-AS,3,,2.022028517210856,0.0545603577978909,19,14,0.2888,0.24389815627743636,0.2888,0.19498593021145566
Hierarchical-FULL,4,,1.794770312961191,0.056945687625557184,70,64,0.9392,0.9396605633839442,0.9391999999999999,0.9393078252629856
Global-FULL,4,,1.794770312961191,0.056945687625557184,70,64,0.9518,0.9523580834205425,0.9517999999999999,0.9519017841027878
DPF-FULL,4,1.0,1.794770312961191,0.056945687625557184,70,64,0.9518,0.9523580834205425,0.9517999999999999,0.9519017841027878
HardHierarchy-FULL,4,,1.794770312961191,0.056945687625557184,70,64,0.9386,0.9392088994623776,0.9385999999999999,0.9387785390086968
Hierarchical-FULL,4,,1.5939676898997277,0.06335725616663694,70,70,0.9382,0.9387584013346144,0.9381999999999999,0.9383425378458832
Global-FULL,4,,1.5939676898997277,0.06335725616663694,70,70,0.9518,0.9523580834205425,0.9517999999999999,0.9519017841027878
DPF-FULL-NoJSD,4,1.0,1.5939676898997277,0.06335725616663694,70,70,0.9518,0.9523580834205425,0.9517999999999999,0.9519017841027878
HardHierarchy-FULL,4,,1.5939676898997277,0.06335725616663694,70,70,0.9376,0.938335080114833,0.9376,0.9378178420265633
Hierarchical-PT,4,,1.7422296160366386,0.06535421200096607,51,51,0.9412,0.941671408332797,0.9411999999999999,0.941310947323285
Global-PT,4,,1.7422296160366386,0.06535421200096607,51,51,0.9524,0.9530200455713317,0.9524000000000001,0.9525025641475023
DPF-PT,4,1.0,1.7422296160366386,0.06535421200096607,51,51,0.9524,0.9530200455713317,0.9524000000000001,0.9525025641475023
HardHierarchy-PT,4,,1.7422296160366386,0.06535421200096607,51,51,0.9412,0.941757629896492,0.9411999999999999,0.9413525697442893
Hierarchical-AS,4,,2.0322408399078995,0.06940696798264981,19,14,0.2888,0.24389815627743636,0.2888,0.19498593021145566
Global-AS,4,,2.0322408399078995,0.06940696798264981,19,14,0.2888,0.24389815627743636,0.2888,0.19498593021145566
DPF-AS,4,0.0,2.0322408399078995,0.06940696798264981,19,14,0.2888,0.24389815627743636,0.2888,0.19498593021145566
HardHierarchy-AS,4,,2.0322408399078995,0.06940696798264981,19,14,0.2888,0.24389815627743636,0.2888,0.19498593021145566
Hierarchical-FULL,5,,1.8205658190418035,0.06443581441417337,70,64,0.94,0.9404645930854008,0.9400000000000001,0.9401143988917223
Global-FULL,5,,1.8205658190418035,0.06443581441417337,70,64,0.951,0.9518540664655563,0.951,0.9511356552275657
DPF-FULL,5,0.5,1.8205658190418035,0.06443581441417337,70,64,0.9486,0.9492674795430005,0.9486000000000001,0.9487244016332488
HardHierarchy-FULL,5,,1.8205658190418035,0.06443581441417337,70,64,0.9404,0.9410201664353469,0.9404,0.9405766759568273
Hierarchical-FULL,5,,1.6372269198764116,0.06169083318673074,70,70,0.94,0.9405504020526797,0.9400000000000001,0.9401268055075791
Global-FULL,5,,1.6372269198764116,0.06169083318673074,70,70,0.951,0.9518540664655563,0.951,0.9511356552275657
DPF-FULL-NoJSD,5,1.0,1.6372269198764116,0.06169083318673074,70,70,0.951,0.9518540664655563,0.951,0.9511356552275657
HardHierarchy-FULL,5,,1.6372269198764116,0.06169083318673074,70,70,0.9394,0.9400764698087365,0.9394,0.939584228783457
Hierarchical-PT,5,,1.6598126939497888,0.06362393279559911,51,51,0.9418,0.9423036068612815,0.9418,0.9419123360312417
Global-PT,5,,1.6598126939497888,0.06362393279559911,51,51,0.9504,0.9510449690820945,0.9503999999999999,0.9505339919657569
DPF-PT,5,1.0,1.6598126939497888,0.06362393279559911,51,51,0.9504,0.9510449690820945,0.9503999999999999,0.9505339919657569
HardHierarchy-PT,5,,1.6598126939497888,0.06362393279559911,51,51,0.9408,0.9415094783684312,0.9408,0.9410085271508688
Hierarchical-AS,5,,2.05618587997742,0.06499456143938005,19,14,0.2888,0.24389815627743636,0.2888,0.19498593021145566
Global-AS,5,,2.05618587997742,0.06499456143938005,19,14,0.2888,0.24389815627743636,0.2888,0.19498593021145566
DPF-AS,5,0.0,2.05618587997742,0.06499456143938005,19,14,0.2888,0.24389815627743636,0.2888,0.19498593021145566
HardHierarchy-AS,5,,2.05618587997742,0.06499456143938005,19,14,0.2888,0.24389815627743636,0.2888,0.19498593021145566
Hierarchical-FULL,6,,1.748046337859705,0.05928007839247584,70,64,0.9428,0.9432229927073571,0.9427999999999999,0.9428825354887518
Global-FULL,6,,1.748046337859705,0.05928007839247584,70,64,0.9506,0.9512637650298614,0.9506,0.9507305051718598
DPF-FULL,6,1.0,1.748046337859705,0.05928007839247584,70,64,0.9506,0.9512637650298614,0.9506,0.9507305051718598
HardHierarchy-FULL,6,,1.748046337859705,0.05928007839247584,70,64,0.9426,0.9431319118125085,0.9425999999999999,0.9427294728660651
Hierarchical-FULL,6,,1.595738026080653,0.06690911799669266,70,70,0.9382,0.9385268698053066,0.9381999999999999,0.9382866858572154
Global-FULL,6,,1.595738026080653,0.06690911799669266,70,70,0.9506,0.9512637650298614,0.9506,0.9507305051718598
DPF-FULL-NoJSD,6,1.0,1.595738026080653,0.06690911799669266,70,70,0.9506,0.9512637650298614,0.9506,0.9507305051718598
HardHierarchy-FULL,6,,1.595738026080653,0.06690911799669266,70,70,0.9378,0.9383160092764161,0.9378,0.9379691413522556
Hierarchical-PT,6,,1.7259241850115359,0.06690539922565222,51,51,0.941,0.9413839513530228,0.9410000000000001,0.9411028154425741
Global-PT,6,,1.7259241850115359,0.06690539922565222,51,51,0.9504,0.9509104709969278,0.9504000000000001,0.9504840610350691
DPF-PT,6,1.0,1.7259241850115359,0.06690539922565222,51,51,0.9504,0.9509104709969278,0.9504000000000001,0.9504840610350691
HardHierarchy-PT,6,,1.7259241850115359,0.06690539922565222,51,51,0.9412,0.9416520784353274,0.9412,0.9413405305530933
Hierarchical-AS,6,,1.9632935929112136,0.0635903415735811,19,14,0.2888,0.24389815627743636,0.2888,0.19498593021145566
Global-AS,6,,1.9632935929112136,0.0635903415735811,19,14,0.2888,0.24389815627743636,0.2888,0.19498593021145566
DPF-AS,6,0.0,1.9632935929112136,0.0635903415735811,19,14,0.2888,0.24389815627743636,0.2888,0.19498593021145566
HardHierarchy-AS,6,,1.9632935929112136,0.0635903415735811,19,14,0.2888,0.24389815627743636,0.2888,0.19498593021145566
Hierarchical-FULL,7,,1.8281543632037938,0.06395253739319742,70,64,0.9408,0.9413766885314508,0.9408,0.9409362488692693
Global-FULL,7,,1.8281543632037938,0.06395253739319742,70,64,0.95,0.9506346577849092,0.95,0.9501073446899062
DPF-FULL,7,1.0,1.8281543632037938,0.06395253739319742,70,64,0.95,0.9506346577849092,0.95,0.9501073446899062
HardHierarchy-FULL,7,,1.8281543632037938,0.06395253739319742,70,64,0.94,0.9407383670773747,0.9400000000000001,0.9402075347244784
Hierarchical-FULL,7,,1.6250839659478515,0.06423360421322286,70,70,0.9396,0.9399864039162651,0.9396000000000001,0.9396841138848142
Global-FULL,7,,1.6250839659478515,0.06423360421322286,70,70,0.95,0.9506346577849092,0.95,0.9501073446899062
DPF-FULL-NoJSD,7,1.0,1.6250839659478515,0.06423360421322286,70,70,0.95,0.9506346577849092,0.95,0.9501073446899062
HardHierarchy-FULL,7,,1.6250839659478515,0.06423360421322286,70,70,0.9388,0.9393211902507239,0.9388,0.9389482177008089
Hierarchical-PT,7,,1.7362433741800487,0.05355885778553784,51,51,0.941,0.941434828580222,0.9410000000000001,0.9410924085917074
Global-PT,7,,1.7362433741800487,0.05355885778553784,51,51,0.9502,0.9506835661941908,0.9501999999999999,0.950302864763611
DPF-PT,7,0.5,1.7362433741800487,0.05355885778553784,51,51,0.9476,0.947996296144729,0.9475999999999999,0.9476615521580667
HardHierarchy-PT,7,,1.7362433741800487,0.05355885778553784,51,51,0.9408,0.9413619252334945,0.9408000000000001,0.9409481275660042
Hierarchical-AS,7,,1.9495759028941393,0.05614822418428957,19,14,0.2888,0.24389815627743636,0.2888,0.19498593021145566
Global-AS,7,,1.9495759028941393,0.05614822418428957,19,14,0.2888,0.24389815627743636,0.2888,0.19498593021145566
DPF-AS,7,0.0,1.9495759028941393,0.05614822418428957,19,14,0.2888,0.24389815627743636,0.2888,0.19498593021145566
HardHierarchy-AS,7,,1.9495759028941393,0.05614822418428957,19,14,0.2888,0.24389815627743636,0.2888,0.19498593021145566
Hierarchical-FULL,8,,1.766281654825434,0.056108615407720205,70,64,0.9398,0.9403462591724324,0.9398,0.9399191865131827
Global-FULL,8,,1.766281654825434,0.056108615407720205,70,64,0.9504,0.9512113158101357,0.9503999999999999,0.9505571844075066
DPF-FULL,8,1.0,1.766281654825434,0.056108615407720205,70,64,0.9504,0.9512113158101357,0.9503999999999999,0.9505571844075066
HardHierarchy-FULL,8,,1.766281654825434,0.056108615407720205,70,64,0.9392,0.9398819051798716,0.9391999999999999,0.9393862035613685
Hierarchical-FULL,8,,1.574555846164003,0.06445645159110427,70,70,0.9388,0.9393433207603537,0.9388,0.9389271872095553
Global-FULL,8,,1.574555846164003,0.06445645159110427,70,70,0.9504,0.9512113158101357,0.9503999999999999,0.9505571844075066
DPF-FULL-NoJSD,8,1.0,1.574555846164003,0.06445645159110427,70,70,0.9504,0.9512113158101357,0.9503999999999999,0.9505571844075066
HardHierarchy-FULL,8,,1.574555846164003,0.06445645159110427,70,70,0.938,0.9387135840098063,0.9380000000000001,0.9382068230312249
Hierarchical-PT,8,,1.8002499490976334,0.06539368461817503,51,51,0.9414,0.9418152555407364,0.9414,0.9414966435059047
Global-PT,8,,1.8002499490976334,0.06539368461817503,51,51,0.9496,0.9504170755326831,0.9495999999999999,0.9497435304150667
DPF-PT,8,0.75,1.8002499490976334,0.06539368461817503,51,51,0.9484,0.9490247030610153,0.9484,0.9485140542290196
HardHierarchy-PT,8,,1.8002499490976334,0.06539368461817503,51,51,0.9414,0.9419415156575024,0.9414,0.9415585185943154
Hierarchical-AS,8,,1.9541989830322564,0.06698886500671505,19,14,0.2888,0.24389815627743636,0.2888,0.19498593021145566
Global-AS,8,,1.9541989830322564,0.06698886500671505,19,14,0.2888,0.24389815627743636,0.2888,0.19498593021145566
DPF-AS,8,0.0,1.9541989830322564,0.06698886500671505,19,14,0.2888,0.24389815627743636,0.2888,0.19498593021145566
HardHierarchy-AS,8,,1.9541989830322564,0.06698886500671505,19,14,0.2888,0.24389815627743636,0.2888,0.19498593021145566
Hierarchical-FULL,9,,1.7641798320692033,0.059476160211488605,70,64,0.9416,0.9420086746929794,0.9416,0.941684126052524
Global-FULL,9,,1.7641798320692033,0.059476160211488605,70,64,0.951,0.9514316656065616,0.951,0.9510803391374496
DPF-FULL,9,1.0,1.7641798320692033,0.059476160211488605,70,64,0.951,0.9514316656065616,0.951,0.9510803391374496
HardHierarchy-FULL,9,,1.7641798320692033,0.059476160211488605,70,64,0.9406,0.9411699196326062,0.9406000000000001,0.9407602643297082
Hierarchical-FULL,9,,1.5576540718320757,0.061151732411235574,70,70,0.9398,0.9402981790490426,0.9398,0.9399101371569524
Global-FULL,9,,1.5576540718320757,0.061151732411235574,70,70,0.951,0.9514316656065616,0.951,0.9510803391374496
DPF-FULL-NoJSD,9,0.75,1.5576540718320757,0.061151732411235574,70,70,0.9496,0.9501375173440534,0.9496,0.9497081833922744
HardHierarchy-FULL,9,,1.5576540718320757,0.061151732411235574,70,70,0.9388,0.939488097394132,0.9388,0.9389943052630636
Hierarchical-PT,9,,1.720595101127401,0.05876021264120936,51,51,0.9406,0.9410876647318979,0.9406000000000001,0.9407156568804824
Global-PT,9,,1.720595101127401,0.05876021264120936,51,51,0.9494,0.9499938161336827,0.9494,0.9495040458909875
DPF-PT,9,0.75,1.720595101127401,0.05876021264120936,51,51,0.9488,0.949372195550732,0.9488,0.9489179461447623
HardHierarchy-PT,9,,1.720595101127401,0.05876021264120936,51,51,0.9402,0.9407797027312874,0.9401999999999999,0.9403569676036796
Hierarchical-AS,9,,1.9293172529432923,0.06274877600371838,19,14,0.2888,0.24389815627743636,0.2888,0.19498593021145566
Global-AS,9,,1.9293172529432923,0.06274877600371838,19,14,0.2888,0.24389815627743636,0.2888,0.19498593021145566
DPF-AS,9,0.0,1.9293172529432923,0.06274877600371838,19,14,0.2888,0.24389815627743636,0.2888,0.19498593021145566
HardHierarchy-AS,9,,1.9293172529432923,0.06274877600371838,19,14,0.2888,0.24389815627743636,0.2888,0.19498593021145566
